{
	"info": {
		"_postman_id": "3682cfdc-b834-4075-a892-928862b5e3d0",
		"name": "Veb servis aplikacije",
		"schema": "https://schema.getpostman.com/json/collection/v2.1.0/collection.json"
	},
	"item": [
		{
			"name": "Administrator",
			"item": [
				{
					"name": "Get all administrators",
					"request": {
						"auth": {
							"type": "basic"
						},
						"method": "GET",
						"header": [
							{
								"warning": "This is a duplicate header and will be overridden by the Authorization header generated by Postman.",
								"key": "Authorization",
								"value": "eyJhbGciOiJIUzI1NiIsInR5cCI6IkpXVCJ9.eyJhZG1pbmlzdHJhdG9ySWQiOjEzLCJ1c2VybmFtZSI6ImFkbWluIiwiZXh0IjoxNjA3NzIyODk2LjE3NywiaXAiOiI6OjEiLCJ1YSI6IlBvc3RtYW5SdW50aW1lLzcuMjYuOCIsImlhdCI6MTYwNjUxMzI5Nn0.FG6672Hce8_b0XlTw-t0jhp2MKzW3HClFFbzdLwJO34",
								"type": "text"
							}
						],
						"url": {
							"raw": "http://localhost:3000/api/administrator/",
							"protocol": "http",
							"host": [
								"localhost"
							],
							"port": "3000",
							"path": [
								"api",
								"administrator",
								""
							]
						}
					},
					"response": [
						{
							"name": "Get all administrators",
							"originalRequest": {
								"method": "GET",
								"header": [],
								"url": {
									"raw": "http://localhost:3000/api/administrator/",
									"protocol": "http",
									"host": [
										"localhost"
									],
									"port": "3000",
									"path": [
										"api",
										"administrator",
										""
									]
								}
							},
							"status": "OK",
							"code": 200,
							"_postman_previewlanguage": "json",
							"header": [
								{
									"key": "X-Powered-By",
									"value": "Express"
								},
								{
									"key": "Content-Type",
									"value": "application/json; charset=utf-8"
								},
								{
									"key": "Content-Length",
									"value": "153"
								},
								{
									"key": "ETag",
									"value": "W/\"99-S+Sh5hYNl011nja0tNQpNq23g5g\""
								},
								{
									"key": "Date",
									"value": "Sat, 21 Nov 2020 19:13:15 GMT"
								},
								{
									"key": "Connection",
									"value": "keep-alive"
								}
							],
							"cookie": [],
							"body": "[\n    {\n        \"administratorId\": 1,\n        \"username\": \"Milantex\",\n        \"passwordHash\": \"4561861846646\"\n    },\n    {\n        \"administratorId\": 2,\n        \"username\": \"test_user\",\n        \"passwordHash\": \"48989189746568\"\n    }\n]"
						}
					]
				},
				{
					"name": "Get a single administrator",
					"request": {
						"method": "GET",
						"header": [],
						"url": {
							"raw": "http://localhost:3000/api/administrator/1/",
							"protocol": "http",
							"host": [
								"localhost"
							],
							"port": "3000",
							"path": [
								"api",
								"administrator",
								"1",
								""
							]
						}
					},
					"response": [
						{
							"name": "Get a single administrator",
							"originalRequest": {
								"method": "GET",
								"header": [],
								"url": {
									"raw": "http://localhost:3000/api/administrator/1/",
									"protocol": "http",
									"host": [
										"localhost"
									],
									"port": "3000",
									"path": [
										"api",
										"administrator",
										"1",
										""
									]
								}
							},
							"status": "OK",
							"code": 200,
							"_postman_previewlanguage": "json",
							"header": [
								{
									"key": "X-Powered-By",
									"value": "Express"
								},
								{
									"key": "Content-Type",
									"value": "application/json; charset=utf-8"
								},
								{
									"key": "Content-Length",
									"value": "74"
								},
								{
									"key": "ETag",
									"value": "W/\"4a-QcACnJTK2xWHblcQ4jKF8n7ZWKY\""
								},
								{
									"key": "Date",
									"value": "Sat, 21 Nov 2020 19:16:00 GMT"
								},
								{
									"key": "Connection",
									"value": "keep-alive"
								}
							],
							"cookie": [],
							"body": "{\n    \"administratorId\": 1,\n    \"username\": \"Milantex\",\n    \"passwordHash\": \"4561861846646\"\n}"
						}
					]
				},
				{
					"name": "Add a new administrator",
					"request": {
						"method": "PUT",
						"header": [
							{
								"key": "Content-Type",
								"value": "application/json",
								"type": "text"
							}
						],
						"body": {
							"mode": "raw",
							"raw": "{\r\n    \"username\" : \"test\",\r\n    \"password\" : \"test\"\r\n}"
						},
						"url": {
							"raw": "http://localhost:3000/api/administrator/",
							"protocol": "http",
							"host": [
								"localhost"
							],
							"port": "3000",
							"path": [
								"api",
								"administrator",
								""
							]
						}
					},
					"response": [
						{
							"name": "Add a new administrator-success",
							"originalRequest": {
								"method": "PUT",
								"header": [
									{
										"key": "Content-Type",
										"value": "application/json",
										"type": "text"
									}
								],
								"body": {
									"mode": "raw",
									"raw": "{\r\n    \"username\" : \"pperic\",\r\n    \"password\" : \"NekaTajnaLozinka!\"\r\n}"
								},
								"url": {
									"raw": "http://localhost:3000/api/administrator/",
									"protocol": "http",
									"host": [
										"localhost"
									],
									"port": "3000",
									"path": [
										"api",
										"administrator",
										""
									]
								}
							},
							"status": "OK",
							"code": 200,
							"_postman_previewlanguage": "json",
							"header": [
								{
									"key": "X-Powered-By",
									"value": "Express"
								},
								{
									"key": "Content-Type",
									"value": "application/json; charset=utf-8"
								},
								{
									"key": "Content-Length",
									"value": "187"
								},
								{
									"key": "ETag",
									"value": "W/\"bb-8KAuIpLWHdIJBYO4/p94PxN9jlU\""
								},
								{
									"key": "Date",
									"value": "Sat, 21 Nov 2020 19:18:01 GMT"
								},
								{
									"key": "Connection",
									"value": "keep-alive"
								}
							],
							"cookie": [],
							"body": "{\n    \"username\": \"pperic\",\n    \"passwordHash\": \"6A4C0DC4FCC43BDEA28963DF73E4F8351BCDAE08FDA1516234E8D764AF8178A610BCCA2813D204DFF92A43F0511EB0016C7682CCF7B343D99E01739FC26EF104\",\n    \"administratorId\": 3\n}"
						},
						{
							"name": "Add a new administrator-username allready taken",
							"originalRequest": {
								"method": "PUT",
								"header": [
									{
										"key": "Content-Type",
										"value": "application/json",
										"type": "text"
									}
								],
								"body": {
									"mode": "raw",
									"raw": "{\r\n    \"username\" : \"mmilic\",\r\n    \"password\" : \"JosTajnijaSifra!\"\r\n}"
								},
								"url": {
									"raw": "http://localhost:3000/api/administrator/",
									"protocol": "http",
									"host": [
										"localhost"
									],
									"port": "3000",
									"path": [
										"api",
										"administrator",
										""
									]
								}
							},
							"status": "OK",
							"code": 200,
							"_postman_previewlanguage": "json",
							"header": [
								{
									"key": "X-Powered-By",
									"value": "Express"
								},
								{
									"key": "Content-Type",
									"value": "application/json; charset=utf-8"
								},
								{
									"key": "Content-Length",
									"value": "51"
								},
								{
									"key": "ETag",
									"value": "W/\"33-QiVX46wlHiVooTZqHRGIY3bDI/8\""
								},
								{
									"key": "Date",
									"value": "Sun, 22 Nov 2020 10:38:06 GMT"
								},
								{
									"key": "Connection",
									"value": "keep-alive"
								}
							],
							"cookie": [],
							"body": "{\n    \"status\": \"error\",\n    \"errorCode\": -1001,\n    \"message\": null\n}"
						}
					]
				},
				{
					"name": "Edit an administrator",
					"request": {
						"method": "POST",
						"header": [
							{
								"key": "Content-Type",
								"value": "application/json",
								"type": "text"
							}
						],
						"body": {
							"mode": "raw",
							"raw": "{\r\n    \"password\" : \"NekatajnaLOZINKA125\"\r\n}"
						},
						"url": {
							"raw": "http://localhost:3000/api/administrator/1/",
							"protocol": "http",
							"host": [
								"localhost"
							],
							"port": "3000",
							"path": [
								"api",
								"administrator",
								"1",
								""
							]
						}
					},
					"response": [
						{
							"name": "Edit an administrator- working",
							"originalRequest": {
								"method": "POST",
								"header": [
									{
										"key": "Content-Type",
										"value": "application/json",
										"type": "text"
									}
								],
								"body": {
									"mode": "raw",
									"raw": "{\r\n    \"password\" : \"NekatajnaLOZINKA125\"\r\n}"
								},
								"url": {
									"raw": "http://localhost:3000/api/administrator/1/",
									"protocol": "http",
									"host": [
										"localhost"
									],
									"port": "3000",
									"path": [
										"api",
										"administrator",
										"1",
										""
									]
								}
							},
							"status": "Created",
							"code": 201,
							"_postman_previewlanguage": "json",
							"header": [
								{
									"key": "X-Powered-By",
									"value": "Express"
								},
								{
									"key": "Content-Type",
									"value": "application/json; charset=utf-8"
								},
								{
									"key": "Content-Length",
									"value": "189"
								},
								{
									"key": "ETag",
									"value": "W/\"bd-isMPOXpABTfW+MvzeFxMudmU9uM\""
								},
								{
									"key": "Date",
									"value": "Sun, 22 Nov 2020 10:41:47 GMT"
								},
								{
									"key": "Connection",
									"value": "keep-alive"
								}
							],
							"cookie": [],
							"body": "{\n    \"administratorId\": 1,\n    \"username\": \"Milantex\",\n    \"passwordHash\": \"593B054FC4645D17646F7DEFFA5B31D61B7792683A06AB8C1E093DF3B9A59C279DEB26512322274A22200449826A55B871ABBD7FE794479A6EE92170AE1E9334\"\n}"
						}
					]
				},
				{
					"name": "Edit a non existing administrator",
					"request": {
						"method": "POST",
						"header": [
							{
								"key": "Content-Type",
								"type": "text",
								"value": "application/json"
							}
						],
						"body": {
							"mode": "raw",
							"raw": "{\r\n    \"password\" : \"NekatajnaLOZINKsadgsfgsA125\"\r\n}"
						},
						"url": {
							"raw": "http://localhost:3000/api/administrator/545/",
							"protocol": "http",
							"host": [
								"localhost"
							],
							"port": "3000",
							"path": [
								"api",
								"administrator",
								"545",
								""
							]
						}
					},
					"response": [
						{
							"name": "Edit an administrator- working",
							"originalRequest": {
								"method": "POST",
								"header": [
									{
										"key": "Content-Type",
										"value": "application/json",
										"type": "text"
									}
								],
								"body": {
									"mode": "raw",
									"raw": "{\r\n    \"password\" : \"NekatajnaLOZINKA125\"\r\n}"
								},
								"url": {
									"raw": "http://localhost:3000/api/administrator/1/",
									"protocol": "http",
									"host": [
										"localhost"
									],
									"port": "3000",
									"path": [
										"api",
										"administrator",
										"1",
										""
									]
								}
							},
							"status": "Created",
							"code": 201,
							"_postman_previewlanguage": "json",
							"header": [
								{
									"key": "X-Powered-By",
									"value": "Express"
								},
								{
									"key": "Content-Type",
									"value": "application/json; charset=utf-8"
								},
								{
									"key": "Content-Length",
									"value": "189"
								},
								{
									"key": "ETag",
									"value": "W/\"bd-isMPOXpABTfW+MvzeFxMudmU9uM\""
								},
								{
									"key": "Date",
									"value": "Sun, 22 Nov 2020 10:41:47 GMT"
								},
								{
									"key": "Connection",
									"value": "keep-alive"
								}
							],
							"cookie": [],
							"body": "{\n    \"administratorId\": 1,\n    \"username\": \"Milantex\",\n    \"passwordHash\": \"593B054FC4645D17646F7DEFFA5B31D61B7792683A06AB8C1E093DF3B9A59C279DEB26512322274A22200449826A55B871ABBD7FE794479A6EE92170AE1E9334\"\n}"
						}
					]
				},
				{
					"name": "Get a single non existing administrator",
					"request": {
						"method": "GET",
						"header": [],
						"url": {
							"raw": "http://localhost:3000/api/administrator/670/",
							"protocol": "http",
							"host": [
								"localhost"
							],
							"port": "3000",
							"path": [
								"api",
								"administrator",
								"670",
								""
							]
						}
					},
					"response": [
						{
							"name": "Get a single non existing administrator",
							"originalRequest": {
								"method": "GET",
								"header": [],
								"url": {
									"raw": "http://localhost:3000/api/administrator/670/",
									"protocol": "http",
									"host": [
										"localhost"
									],
									"port": "3000",
									"path": [
										"api",
										"administrator",
										"670",
										""
									]
								}
							},
							"status": "OK",
							"code": 200,
							"_postman_previewlanguage": "json",
							"header": [
								{
									"key": "X-Powered-By",
									"value": "Express"
								},
								{
									"key": "Content-Type",
									"value": "application/json; charset=utf-8"
								},
								{
									"key": "Content-Length",
									"value": "51"
								},
								{
									"key": "ETag",
									"value": "W/\"33-qLltB/LHPhIAAHVdWhhaz1/d3Js\""
								},
								{
									"key": "Date",
									"value": "Sun, 22 Nov 2020 10:56:10 GMT"
								},
								{
									"key": "Connection",
									"value": "keep-alive"
								}
							],
							"cookie": [],
							"body": "{\n    \"status\": \"error\",\n    \"errorCode\": -1002,\n    \"message\": null\n}"
						}
					]
				},
				{
					"name": "Get a single article",
					"request": {
						"method": "GET",
						"header": [],
						"url": {
							"raw": ""
						}
					},
					"response": []
				}
			],
			"auth": {
				"type": "bearer",
				"bearer": [
					{
						"key": "token",
						"value": "eyJhbGciOiJIUzI1NiIsInR5cCI6IkpXVCJ9.eyJhZG1pbmlzdHJhdG9ySWQiOjEzLCJ1c2VybmFtZSI6ImFkbWluIiwiZXh0IjoxNjEyMDQyNjYxLjEwOSwiaXAiOiI6OjEiLCJ1YSI6IlBvc3RtYW5SdW50aW1lLzcuMjYuOCIsImlhdCI6MTYxMDgzMzA2MX0.H7t9WrjeD9Sy6STFa3Rc55Mb15cvIb9omAI5kBwrN0I",
						"type": "string"
					}
				]
			},
			"event": [
				{
					"listen": "prerequest",
					"script": {
						"type": "text/javascript",
						"exec": [
							""
						]
					}
				},
				{
					"listen": "test",
					"script": {
						"type": "text/javascript",
						"exec": [
							""
						]
					}
				}
			]
		},
		{
			"name": "Article",
			"item": [
				{
					"name": "Post create full",
					"request": {
						"method": "POST",
						"header": [
							{
								"key": "Content-Type",
								"value": "application/json",
								"type": "text"
							}
						],
						"body": {
							"mode": "raw",
							"raw": "{\r\n        \"name\" : \"Obicno staklo\",\r\n        \"categoryId\" : 1 ,\r\n        \"excerpt\": \"neki kratak tekst...\",\r\n        \"description\": \"neki malo duzi tekst.\",\r\n        \"price\": 56 ,\r\n        \"features\": [{\r\n            \"featureId\": 1,\r\n            \"value\" :  \"100kg\"\r\n        },\r\n        {\r\n            \"featureId\": 2,\r\n            \"value\" :  \"plavo\"\r\n            }]\r\n}"
						},
						"url": {
							"raw": "http://localhost:3000/api/article/createFull/",
							"protocol": "http",
							"host": [
								"localhost"
							],
							"port": "3000",
							"path": [
								"api",
								"article",
								"createFull",
								""
							]
						}
					},
					"response": [
						{
							"name": "Post create full",
							"originalRequest": {
								"method": "POST",
								"header": [
									{
										"key": "Content-Type",
										"value": "application/json",
										"type": "text"
									}
								],
								"body": {
									"mode": "raw",
									"raw": "{\r\n        \"name\" : \"Obicno staklo\",\r\n        \"categoryId\" : 1 ,\r\n        \"excerpt\": \"neki kratak tekst...\",\r\n        \"description\": \"neki malo duzi tekst.\",\r\n        \"price\": 56 ,\r\n        \"features\": [{\r\n            \"featureId\": 1,\r\n            \"value\" :  \"100kg\"\r\n        },\r\n        {\r\n            \"featureId\": 2,\r\n            \"value\" :  \"plavo\"\r\n            }]\r\n}"
								},
								"url": {
									"raw": "http://localhost:3000/api/article/createFull/",
									"protocol": "http",
									"host": [
										"localhost"
									],
									"port": "3000",
									"path": [
										"api",
										"article",
										"createFull",
										""
									]
								}
							},
							"status": "Created",
							"code": 201,
							"_postman_previewlanguage": "json",
							"header": [
								{
									"key": "X-Powered-By",
									"value": "Express"
								},
								{
									"key": "Content-Type",
									"value": "application/json; charset=utf-8"
								},
								{
									"key": "Content-Length",
									"value": "684"
								},
								{
									"key": "ETag",
									"value": "W/\"2ac-3hUSPyN+XaG1bcj1U6BNvmU2Pq8\""
								},
								{
									"key": "Date",
									"value": "Fri, 27 Nov 2020 19:43:05 GMT"
								},
								{
									"key": "Connection",
									"value": "keep-alive"
								}
							],
							"cookie": [],
							"body": "{\n    \"articleId\": 13,\n    \"name\": \"Obicno staklo\",\n    \"categoryId\": 1,\n    \"excerpt\": \"neki kratak tekst...\",\n    \"description\": \"neki malo duzi tekst.\",\n    \"status\": \"available\",\n    \"isPromoted\": 0,\n    \"createdAt\": \"2020-11-27T19:43:04.000Z\",\n    \"category\": {\n        \"categoryId\": 1,\n        \"name\": \"Sigurnosna stakla\",\n        \"imagePath\": \"assets/sigurnosna.jpg\",\n        \"parentCategoryId\": 1\n    },\n    \"articleFeatures\": [\n        {\n            \"articleFeatureId\": 5,\n            \"articleId\": 13,\n            \"featureId\": 1,\n            \"value\": \"100kg\"\n        },\n        {\n            \"articleFeatureId\": 6,\n            \"articleId\": 13,\n            \"featureId\": 2,\n            \"value\": \"plavo\"\n        }\n    ],\n    \"features\": [\n        {\n            \"featureId\": 1,\n            \"name\": \"Kapacitet\",\n            \"categoryId\": 1\n        },\n        {\n            \"featureId\": 2,\n            \"name\": \"Tip\",\n            \"categoryId\": 3\n        }\n    ],\n    \"articlePrices\": [\n        {\n            \"articlePriceId\": 5,\n            \"articleId\": 13,\n            \"price\": \"56.00\",\n            \"createdAt\": \"2020-11-27T19:43:04.000Z\"\n        }\n    ]\n}"
						}
					]
				},
				{
					"name": "Upload article photo",
					"request": {
						"method": "POST",
						"header": [],
						"url": {
							"raw": "http://localhost3000/api/article/:2/uploadPhoto/",
							"protocol": "http",
							"host": [
								"localhost3000"
							],
							"path": [
								"api",
								"article",
								":2",
								"uploadPhoto",
								""
							],
							"variable": [
								{
									"key": "2",
									"value": ""
								}
							]
						}
					},
					"response": []
				}
			],
			"auth": {
				"type": "bearer",
				"bearer": [
					{
						"key": "token",
						"value": "eyJhbGciOiJIUzI1NiIsInR5cCI6IkpXVCJ9.eyJhZG1pbmlzdHJhdG9ySWQiOjEzLCJ1c2VybmFtZSI6ImFkbWluIiwiZXh0IjoxNjEyMDQyNjYxLjEwOSwiaXAiOiI6OjEiLCJ1YSI6IlBvc3RtYW5SdW50aW1lLzcuMjYuOCIsImlhdCI6MTYxMDgzMzA2MX0.H7t9WrjeD9Sy6STFa3Rc55Mb15cvIb9omAI5kBwrN0I",
						"type": "string"
					}
				]
			},
			"event": [
				{
					"listen": "prerequest",
					"script": {
						"type": "text/javascript",
						"exec": [
							""
						]
					}
				},
				{
					"listen": "test",
					"script": {
						"type": "text/javascript",
						"exec": [
							""
						]
					}
				}
			]
		},
		{
			"name": "Auth",
			"item": [
				{
					"name": "Login",
					"request": {
						"method": "POST",
						"header": [
							{
								"key": "Content-Type",
								"value": "application/json",
								"type": "text"
							}
						],
						"body": {
							"mode": "raw",
							"raw": "{\r\n    \"username\": \"admin\",\r\n    \"password\": \"admin\"\r\n}"
						},
						"url": {
							"raw": "http://localhost:3000/auth/login",
							"protocol": "http",
							"host": [
								"localhost"
							],
							"port": "3000",
							"path": [
								"auth",
								"login"
							]
						}
					},
					"response": [
						{
							"name": "Login",
							"originalRequest": {
								"method": "POST",
								"header": [
									{
										"key": "Content-Type",
										"value": "application/json",
										"type": "text"
									}
								],
								"body": {
									"mode": "raw",
									"raw": "{\r\n    \"username\": \"admin\",\r\n    \"password\": \"admin\"\r\n}"
								},
								"url": {
									"raw": "http://localhost:3000/auth/login",
									"protocol": "http",
									"host": [
										"localhost"
									],
									"port": "3000",
									"path": [
										"auth",
										"login"
									]
								}
							},
							"status": "Created",
							"code": 201,
							"_postman_previewlanguage": "json",
							"header": [
								{
									"key": "X-Powered-By",
									"value": "Express"
								},
								{
									"key": "Content-Type",
									"value": "application/json; charset=utf-8"
								},
								{
									"key": "Content-Length",
									"value": "292"
								},
								{
									"key": "ETag",
									"value": "W/\"124-wL+NNX8emWMCUehdFyFMtBn2QUQ\""
								},
								{
									"key": "Date",
									"value": "Fri, 27 Nov 2020 21:41:36 GMT"
								},
								{
									"key": "Connection",
									"value": "keep-alive"
								}
							],
							"cookie": [],
							"body": "{\n    \"administratorId\": 13,\n    \"username\": \"admin\",\n    \"token\": \"eyJhbGciOiJIUzI1NiIsInR5cCI6IkpXVCJ9.eyJhZG1pbmlzdHJhdG9ySWQiOjEzLCJ1c2VybmFtZSI6ImFkbWluIiwiZXh0IjoxNjA3NzIyODk2LjE3NywiaXAiOiI6OjEiLCJ1YSI6IlBvc3RtYW5SdW50aW1lLzcuMjYuOCIsImlhdCI6MTYwNjUxMzI5Nn0.FG6672Hce8_b0XlTw-t0jhp2MKzW3HClFFbzdLwJO34\"\n}"
						},
						{
							"name": "Login- Invalid username -3001",
							"originalRequest": {
								"method": "POST",
								"header": [
									{
										"key": "Content-Type",
										"value": "application/json",
										"type": "text"
									}
								],
								"body": {
									"mode": "raw",
									"raw": "{\r\n    \"username\": \"admin1\",\r\n    \"password\": \"admin\"\r\n}"
								},
								"url": {
									"raw": "http://localhost:3000/auth/login",
									"protocol": "http",
									"host": [
										"localhost"
									],
									"port": "3000",
									"path": [
										"auth",
										"login"
									]
								}
							},
							"status": "Created",
							"code": 201,
							"_postman_previewlanguage": "json",
							"header": [
								{
									"key": "X-Powered-By",
									"value": "Express"
								},
								{
									"key": "Content-Type",
									"value": "application/json; charset=utf-8"
								},
								{
									"key": "Content-Length",
									"value": "51"
								},
								{
									"key": "ETag",
									"value": "W/\"33-+8YOfwbsgNLzIb/ZMeGMi1T4KI4\""
								},
								{
									"key": "Date",
									"value": "Fri, 27 Nov 2020 21:47:28 GMT"
								},
								{
									"key": "Connection",
									"value": "keep-alive"
								}
							],
							"cookie": [],
							"body": "{\n    \"status\": \"error\",\n    \"errorCode\": -3001,\n    \"message\": null\n}"
						},
						{
							"name": "Login- Invalid password -3002",
							"originalRequest": {
								"method": "POST",
								"header": [
									{
										"key": "Content-Type",
										"value": "application/json",
										"type": "text"
									}
								],
								"body": {
									"mode": "raw",
									"raw": "{\r\n    \"username\": \"admin\",\r\n    \"password\": \"admin1\"\r\n}"
								},
								"url": {
									"raw": "http://localhost:3000/auth/login",
									"protocol": "http",
									"host": [
										"localhost"
									],
									"port": "3000",
									"path": [
										"auth",
										"login"
									]
								}
							},
							"status": "Created",
							"code": 201,
							"_postman_previewlanguage": "json",
							"header": [
								{
									"key": "X-Powered-By",
									"value": "Express"
								},
								{
									"key": "Content-Type",
									"value": "application/json; charset=utf-8"
								},
								{
									"key": "Content-Length",
									"value": "51"
								},
								{
									"key": "ETag",
									"value": "W/\"33-oaUb1lySXMNy06G+4VrNcKZyLdo\""
								},
								{
									"key": "Date",
									"value": "Fri, 27 Nov 2020 21:47:06 GMT"
								},
								{
									"key": "Connection",
									"value": "keep-alive"
								}
							],
							"cookie": [],
							"body": "{\n    \"status\": \"error\",\n    \"errorCode\": -3002,\n    \"message\": null\n}"
						}
					]
				}
			]
		}
	]
}